seed,intervention,effect_C_post_mean,p_value_C_post_mean,t0,delta,T,C_mean_pre,C_mean_post,C_mean_post_minus_pre,C_positive_frac_post,C_min_post,C_cross_t,threshold_hit_t,threshold_value,sigma_star,tau,demand_noise,ori_trend,intervention_duration,run_dir
2100,demand_shock,174.53677182329608,0.0,900,250,600,-41.10008269539025,11.161337990522313,52.26142068591256,0.595,-51.69105566373113,1143,912,-0.008400360155168077,120.0,800.0,0.03,0.0005,250,run_0001
2101,demand_shock,179.43425178768445,0.0,900,250,600,-43.95314540075774,12.102625647091099,56.055771047848836,0.605,-55.45996833749302,1137,923,-0.011469953056876578,120.0,800.0,0.03,0.0005,250,run_0002
2102,demand_shock,178.62706313827462,0.0,900,250,600,-35.275682478413096,22.663519067546908,57.93920154596,0.6633333333333333,-45.23004739788602,1102,911,-0.0015025949768086339,120.0,800.0,0.03,0.0005,250,run_0003
2103,demand_shock,176.75319318776488,0.0,900,250,600,-42.139937554561556,11.69253767581632,53.832475230377874,0.6,-53.01400502387392,1140,919,-0.00952985192211524,120.0,800.0,0.03,0.0005,250,run_0004
