{
  "run_dir": "_sector_psych_out/google_trends/pilot_google_trends/robustness/variant_norm_minmax",
  "verdict": "non_detecte",
  "binary_detected": false,
  "alpha": 0.01,
  "c_mean_post_min": 0.1,
  "lags": [
    1,
    2,
    3,
    4,
    5
  ],
  "pre_horizon": 80,
  "post_horizon": 80,
  "baseline_n": 50,
  "series_short": false,
  "threshold_hit_t": 78,
  "threshold_value": 0.0019925306886866,
  "no_false_positives_pre": true,
  "C_mean_pre": 23.515640064273768,
  "C_mean_post": 24.589609123351835,
  "C_mean_post_minus_pre": 1.0739690590780668,
  "C_positive_frac_post": 1.0,
  "p_value_mean_shift_C": 6.853759393232903e-05,
  "p_value_mannwhitney_C": NaN,
  "sigma_zero_post": false,
  "sigma_gate_note": null,
  "boot_mean_diff_C": 0.8908916277693051,
  "boot_ci_low_C": -0.5979979616596262,
  "boot_ci_high_C": 2.52535199033488,
  "granger_S_to_deltaC_p": {
    "1": 3.7117353694202613e-07,
    "2": 0.0008594828924296421,
    "3": 0.01755089141484136,
    "4": 0.04776357236621914,
    "5": 0.0650850679498716
  },
  "granger_deltaC_to_S_p": {
    "1": 0.41035654229283736,
    "2": 0.6807884715239959,
    "3": 0.8129473196993565,
    "4": 0.9328888837865952,
    "5": 0.9573995420487244
  },
  "min_granger_S_to_deltaC_p": 3.7117353694202613e-07,
  "min_granger_deltaC_to_S_p": 0.41035654229283736,
  "reverse_warning": false,
  "granger_diagnostic_only": false,
  "var_S_to_deltaC_p": 0.01676348719969942,
  "var_lag_used": 3,
  "cointegration_p": 0.8828441048746991,
  "criteria": {
    "has_threshold": true,
    "ok_c_level": true,
    "ok_p": true,
    "ok_p_source": "welch",
    "ok_boot": false,
    "ok_granger": true,
    "granger_diagnostic_only": false
  }
}