{
  "run_dir": "05_Results/falsification/2026-02-18_batch01/no_S/run_0001",
  "verdict": "non_detecte",
  "binary_detected": false,
  "alpha": 0.01,
  "c_mean_post_min": 0.1,
  "lags": [
    1,
    2,
    3,
    4,
    5,
    6,
    7,
    8,
    9,
    10
  ],
  "pre_horizon": 500,
  "post_horizon": 500,
  "baseline_n": 50,
  "series_short": false,
  "threshold_hit_t": null,
  "threshold_value": -0.009270929705039333,
  "no_false_positives_pre": true,
  "C_mean_pre": -49.56682607664296,
  "C_mean_post": -93.5348336610356,
  "C_mean_post_minus_pre": -43.968007584392645,
  "C_positive_frac_post": 0.0,
  "p_value_mean_shift_C": 8.902595617322353e-280,
  "boot_mean_diff_C": -43.978954283021466,
  "boot_ci_low_C": -51.99566579919329,
  "boot_ci_high_C": -35.66874694613552,
  "granger_S_to_deltaC_p": {
    "1": 6.1060368733007315e-46,
    "2": 5.485830667005872e-15,
    "3": 5.443966320525948e-07,
    "4": 0.0002496132655852904,
    "5": 0.01735499218475139,
    "6": 0.05559897369364203,
    "7": 0.34916908560100607,
    "8": 0.7208769676819206,
    "9": 0.928628843047195,
    "10": 0.9862098137292586
  },
  "granger_deltaC_to_S_p": {},
  "min_granger_S_to_deltaC_p": 6.1060368733007315e-46,
  "min_granger_deltaC_to_S_p": NaN,
  "reverse_warning": false,
  "var_S_to_deltaC_p": 0.9044040637634244,
  "var_lag_used": 9,
  "cointegration_p": 0.9864444532773405,
  "criteria": {
    "has_threshold": false,
    "ok_c_level": false,
    "ok_p": true,
    "ok_boot": false,
    "ok_granger": true
  }
}