seed,intervention,effect_C_post_mean,p_value_C_post_mean,t0,delta,T,C_mean_pre,C_mean_post,C_mean_post_minus_pre,C_positive_frac_post,C_min_post,C_cross_t,threshold_hit_t,threshold_value,sigma_star,tau,demand_noise,ori_trend,intervention_duration,run_dir
1100,demand_shock,170.03798978783678,0.0,900,250,600,-72.47015904753053,-14.57910594278744,57.891053104743094,0.46166666666666667,-86.66485546684075,1223,905,-0.03191940062988952,0.0,400.0,0.03,0.0,250,run_0001
1101,demand_shock,168.20145487026608,0.0,900,250,600,-48.1957410794037,11.104020675371714,59.29976175477542,0.6266666666666667,-61.23826466921263,0,910,0.013426767672983541,0.0,400.0,0.03,0.0,250,run_0002
1102,demand_shock,169.01352716996269,0.0,900,250,600,-64.31571443956612,-6.346192199629889,57.96952223993623,0.5216666666666666,-78.24067732396932,1187,908,-0.019680044437470453,0.0,400.0,0.03,0.0,250,run_0003
1103,demand_shock,168.92719037545905,0.0,900,250,600,-67.80402327073956,-10.36116502228603,57.44285824845353,0.49166666666666664,-81.83205854565968,1205,907,-0.024960521789695194,0.0,400.0,0.03,0.0,250,run_0004
