{
  "run_dir": "05_Results/falsification/2026-02-18_batch01/capacity_only/run_0001",
  "verdict": "non_detecte",
  "binary_detected": false,
  "alpha": 0.01,
  "c_mean_post_min": 0.1,
  "lags": [
    1,
    2,
    3,
    4,
    5,
    6,
    7,
    8,
    9,
    10
  ],
  "pre_horizon": 500,
  "post_horizon": 500,
  "baseline_n": 50,
  "series_short": false,
  "threshold_hit_t": null,
  "threshold_value": -0.009270929705039333,
  "no_false_positives_pre": true,
  "C_mean_pre": -47.59701318589323,
  "C_mean_post": -79.2994325741894,
  "C_mean_post_minus_pre": -31.702419388296164,
  "C_positive_frac_post": 0.0,
  "p_value_mean_shift_C": 1.2312538908726407e-209,
  "boot_mean_diff_C": -31.431573366267486,
  "boot_ci_low_C": -38.90255387939766,
  "boot_ci_high_C": -24.298804145669084,
  "granger_S_to_deltaC_p": {
    "1": 8.700581094573583e-05,
    "2": 0.08138750235960623,
    "3": 0.4257800928226091,
    "4": 0.6931520453468352,
    "5": 0.9020569921891102,
    "6": 0.9314275616515886,
    "7": 0.9887849478888128,
    "8": 0.9975550998828447,
    "9": 0.9994074805911374,
    "10": 0.9998240448002313
  },
  "granger_deltaC_to_S_p": {},
  "min_granger_S_to_deltaC_p": 8.700581094573583e-05,
  "min_granger_deltaC_to_S_p": NaN,
  "reverse_warning": false,
  "var_S_to_deltaC_p": 0.9918516364839475,
  "var_lag_used": 10,
  "cointegration_p": 0.9862234258578669,
  "criteria": {
    "has_threshold": false,
    "ok_c_level": false,
    "ok_p": true,
    "ok_boot": false,
    "ok_granger": true
  }
}