{
  "n": 20,
  "seed_base": 28,
  "t_steps": 220,
  "t0": 99,
  "S0": 0.2,
  "injection_add": 0.25,
  "mean_diff": 10.7351884307105,
  "p_value": 2.5854834444710167e-301
}