seed,intervention,effect_C_post_mean,p_value_C_post_mean,t0,delta,T,C_mean_pre,C_mean_post,C_mean_post_minus_pre,C_positive_frac_post,C_min_post,C_cross_t,threshold_hit_t,threshold_value
1234,demand_shock,22.606978844639656,8.930535674188356e-51,77,200,400,-1.6836287034185267,15.041089578754045,16.72471828217257,0.8601398601398601,-3.5075725970348453,97,80,-0.021270472814628898
