scenario,V_mean_pre,V_mean_post,C_end,threshold_hits
control,0.8641415847371192,1.0,6.398607290063393,0
symbolic_cut,0.8641415847371192,1.0,3.9042054884783512,0
