seed,intervention,effect_C_post_mean,p_value_C_post_mean,t0,delta,T,C_mean_pre,C_mean_post,C_mean_post_minus_pre,C_positive_frac_post,C_min_post,C_cross_t,threshold_hit_t,threshold_value,sigma_star,tau,demand_noise,ori_trend,intervention_duration,run_dir
3100,demand_shock,4.161374315898854,0.008694246976764883,900,250,600,-35.72972836626486,-72.20466901906478,-36.47494065279992,0.0,-102.34957739900402,0.0,,0.01458571612610134,150.0,600.0,0.08,-0.0005,250,run_0001
3101,demand_shock,4.304629221066563,0.01006265292890304,900,250,600,-66.34948334674759,-108.44129809173018,-42.091814744982585,0.0,-141.08314501693502,,,-0.030080945000534803,150.0,600.0,0.08,-0.0005,250,run_0002
3102,demand_shock,4.182196131596243,0.011412472958379414,900,250,600,-58.77720471304956,-99.54292541286887,-40.76572069981931,0.0,-131.62997543344167,,,-0.022479143497962092,150.0,600.0,0.08,-0.0005,250,run_0003
3103,demand_shock,4.060859434788,0.013799356949964387,900,250,600,-57.31515261188214,-97.95291974790726,-40.63776713602512,0.0,-129.9813105639611,,,-0.020698041267402545,150.0,600.0,0.08,-0.0005,250,run_0004
