{
  "run_dir": "05_Results/falsification/2026-02-18_batch01/baseline_positive/run_0001",
  "verdict": "seuil_detecte",
  "binary_detected": true,
  "alpha": 0.01,
  "c_mean_post_min": 0.1,
  "lags": [
    1,
    2,
    3,
    4,
    5,
    6,
    7,
    8,
    9,
    10
  ],
  "pre_horizon": 500,
  "post_horizon": 500,
  "baseline_n": 50,
  "series_short": false,
  "threshold_hit_t": 904,
  "threshold_value": -0.0091857181971893,
  "no_false_positives_pre": true,
  "C_mean_pre": -29.703696074959996,
  "C_mean_post": 21.90999225197857,
  "C_mean_post_minus_pre": 51.613688326938565,
  "C_positive_frac_post": 0.662,
  "p_value_mean_shift_C": 1.9183224291661257e-108,
  "boot_mean_diff_C": 51.27619756099362,
  "boot_ci_low_C": 34.14892906123833,
  "boot_ci_high_C": 67.27499063469261,
  "granger_S_to_deltaC_p": {
    "1": 1.2715014138355729e-24,
    "2": 4.2452102701799066e-141,
    "3": 1.3730795007914476e-186,
    "4": 1.139118178845776e-178,
    "5": 6.504440780099307e-178,
    "6": 1.1140941431593178e-151,
    "7": 1.2697197249483274e-159,
    "8": 2.408065660551922e-162,
    "9": 1.1686471943005995e-161,
    "10": 6.048481638841106e-163
  },
  "granger_deltaC_to_S_p": {
    "1": 1.032137043464969e-62,
    "2": 0.1704172123335433,
    "3": 0.0008091929533517299,
    "4": 0.35107162175214535,
    "5": 0.4734005355246337,
    "6": 0.4679044196514578,
    "7": 0.6410217180459422,
    "8": 0.6108811773123111,
    "9": 0.47702073864376493,
    "10": 0.8488863889389344
  },
  "min_granger_S_to_deltaC_p": 1.3730795007914476e-186,
  "min_granger_deltaC_to_S_p": 1.032137043464969e-62,
  "reverse_warning": true,
  "var_S_to_deltaC_p": 4.4085851782221573e-178,
  "var_lag_used": 10,
  "cointegration_p": 0.9909271413499086,
  "criteria": {
    "has_threshold": true,
    "ok_c_level": true,
    "ok_p": true,
    "ok_boot": true,
    "ok_granger": true
  }
}